Dataset,Iteration,ROC-AUC Score,Impute
ICU,1,0.6820730418596235,local
ICU,2,0.6653508445929568,local
ICU,3,0.6696182446297978,local
ICU,4,0.665271669052705,local
ICU,5,0.6799466130642873,local
ICU,6,0.6445648415358116,local
ICU,7,0.6634861798286577,local
ICU,8,0.6591379884242128,local
ICU,9,0.6801615181021139,local
ICU,10,0.6533904905328676,local
