Dataset,Iteration,ROC-AUC Score,Impute
ICU,1,0.7647930609910192,XGBagging
ICU,2,0.7587434033848353,XGBagging
ICU,3,0.7598006392213005,XGBagging
ICU,4,0.7581442546026842,XGBagging
ICU,5,0.751678683036075,XGBagging
ICU,6,0.7478060296213469,XGBagging
ICU,7,0.7647639760986819,XGBagging
ICU,8,0.7589324551850284,XGBagging
ICU,9,0.7458820639932264,XGBagging
ICU,10,0.7499335894958296,XGBagging
