Dataset,Iteration,ROC-AUC Score,Impute
ICU,1,0.7564285691202466,semi-global
ICU,2,0.7615378152075207,semi-global
ICU,3,0.7661073749592003,semi-global
ICU,4,0.7569747187652494,semi-global
ICU,5,0.7582512223733918,semi-global
ICU,6,0.7692776282239796,semi-global
ICU,7,0.7547271029185075,semi-global
ICU,8,0.7574562353161689,semi-global
ICU,9,0.7694165893762583,semi-global
ICU,10,0.7539805906818468,semi-global
