Dataset,Iteration,ROC-AUC Score,Impute
ICU,1,0.6672930690701561,global
ICU,2,0.6715814748625738,global
ICU,3,0.6705731985948765,global
ICU,4,0.6597665452641717,global
ICU,5,0.6536748761468335,global
ICU,6,0.6641890647268122,global
ICU,7,0.6644104330740469,global
ICU,8,0.6567417164610796,global
ICU,9,0.6681688474949828,global
ICU,10,0.6697911381564702,global
